UID,채무 불이행 확률
TEST_0000,0.413216412242728
TEST_0001,0.29204511732229116
TEST_0002,0.33580311355311354
TEST_0003,0.19580672105672103
TEST_0004,0.19749520087755376
TEST_0005,0.15704240981240977
TEST_0006,0.5780686733229106
TEST_0007,0.44371568850825827
TEST_0008,0.30272333222333225
TEST_0009,0.26508258408258406
TEST_0010,0.30282992007992005
TEST_0011,0.1485725663225663
TEST_0012,0.1348019280719281
TEST_0013,0.290757215007215
TEST_0014,0.4872781385281385
TEST_0015,0.1690347323047323
TEST_0016,0.23611732874968175
TEST_0017,0.21822684761341477
TEST_0018,0.11420217282717282
TEST_0019,0.35682659007658996
TEST_0020,0.31608672346172334
TEST_0021,0.38486550949050946
TEST_0022,0.25146000268794394
TEST_0023,0.30007150202738436
TEST_0024,0.2649579040026021
TEST_0025,0.404543192918193
TEST_0026,0.3330803881029679
TEST_0027,0.43253855719443945
TEST_0028,0.39928068826598234
TEST_0029,0.7780469807969808
TEST_0030,0.16558195253022837
TEST_0031,0.2499378072907485
TEST_0032,0.19629270451770453
TEST_0033,0.6305727050727049
TEST_0034,0.3528923265788937
TEST_0035,0.2107659562659563
TEST_0036,0.22048399728291035
TEST_0037,0.11073020035520034
TEST_0038,0.3627350311666169
TEST_0039,0.4753741258741259
TEST_0040,0.6539997747350691
TEST_0041,0.1489819694194694
TEST_0042,0.047075757575757576
TEST_0043,0.2329090909090909
TEST_0044,0.1126670274170274
TEST_0045,0.2405493334443334
TEST_0046,0.2426598216598217
TEST_0047,0.2720381285381286
TEST_0048,0.4034173082096811
TEST_0049,0.16706961926961925
TEST_0050,0.31013663297486826
TEST_0051,0.14499742606072533
TEST_0052,0.4390202991452991
TEST_0053,0.3268766788766789
TEST_0054,0.15798699895342755
TEST_0055,0.10616414141414142
TEST_0056,0.14482828282828286
TEST_0057,0.2056943118319589
TEST_0058,0.49252652902652877
TEST_0059,0.18454094279881686
TEST_0060,0.1331767676767677
TEST_0061,0.09874694749694751
TEST_0062,0.41244119769119764
TEST_0063,0.20737978524743222
TEST_0064,0.3818073273345013
TEST_0065,0.17843392019179422
TEST_0066,0.1367530806789119
TEST_0067,0.16044065656565656
TEST_0068,0.18622619047619043
TEST_0069,0.3040040167618907
TEST_0070,0.18832731157731156
TEST_0071,0.3877017047280205
TEST_0072,0.029663614163614165
TEST_0073,0.1926830615247975
TEST_0074,0.21551442876368207
TEST_0075,0.40563098013098026
TEST_0076,0.23997181171319093
TEST_0077,0.21304074543570345
TEST_0078,0.19556529581529578
TEST_0079,0.15491990540008443
TEST_0080,0.18575338550338547
TEST_0081,0.3685636587892685
TEST_0082,0.5486537074037074
TEST_0083,0.437745337995338
TEST_0084,0.327257326007326
TEST_0085,0.29227755077201273
TEST_0086,0.3039195428754253
TEST_0087,0.13321368446368445
TEST_0088,0.040025613275613284
TEST_0089,0.3177488969363969
TEST_0090,0.6138190792946893
TEST_0091,0.2659221611721611
TEST_0092,0.363763266145619
TEST_0093,0.4454455266955267
TEST_0094,0.12456132756132757
TEST_0095,0.2793912198912198
TEST_0096,0.2559278499278499
TEST_0097,0.4827255995638348
TEST_0098,0.32296825396825396
TEST_0099,0.1912272727272727
TEST_0100,0.2648836996336997
TEST_0101,0.21733055833055842
TEST_0102,0.2046311327561327
TEST_0103,0.1966950949658861
TEST_0104,0.6670286102786102
TEST_0105,0.22392762792762788
TEST_0106,0.5427617382617383
TEST_0107,0.22191407892195295
TEST_0108,0.21632647907647903
TEST_0109,0.24444427794427784
TEST_0110,0.07106746031746031
TEST_0111,0.39155089355089356
TEST_0112,0.41045779890607476
TEST_0113,0.373712088837089
TEST_0114,0.420702121952122
TEST_0115,0.2902859362859363
TEST_0116,0.43898237873237866
TEST_0117,0.12135786435786436
TEST_0118,0.22496729104229105
TEST_0119,0.38090506715506706
TEST_0120,0.2902304917304917
TEST_0121,0.3385710139533669
TEST_0122,0.1488854103412927
TEST_0123,0.2567728841207102
TEST_0124,0.2032793317793318
TEST_0125,0.3266264846264847
TEST_0126,0.12548769587011005
TEST_0127,0.26029526603664527
TEST_0128,0.10737536075036072
TEST_0129,0.42099192474192476
TEST_0130,0.2646604229104229
TEST_0131,0.341507326007326
TEST_0132,0.47655288456075867
TEST_0133,0.09842936275194336
TEST_0134,0.22054814629814629
TEST_0135,0.38910622710622705
TEST_0136,0.5537189260015347
TEST_0137,0.35735363283209504
TEST_0138,0.6962431457431458
TEST_0139,0.7984244564286936
TEST_0140,0.5066734829497986
TEST_0141,0.25198406449193855
TEST_0142,0.1292171717171717
TEST_0143,0.14768637763202977
TEST_0144,0.17306114718614718
TEST_0145,0.39326566080977843
TEST_0146,0.2297431596181596
TEST_0147,0.3228052225552226
TEST_0148,0.1989196359196359
TEST_0149,0.24434343434343433
TEST_0150,0.327699233515023
TEST_0151,0.3079237081815822
TEST_0152,0.5072254412254413
TEST_0153,0.09714546564546567
TEST_0154,0.500342418451114
TEST_0155,0.140781156751745
TEST_0156,0.45611901986901976
TEST_0157,0.27366081141081144
TEST_0158,0.378905427905428
TEST_0159,0.1932837995337996
TEST_0160,0.5304430014430015
TEST_0161,0.19501601067777535
TEST_0162,0.20705239799882658
TEST_0163,0.2844240204240204
TEST_0164,0.205949583124786
TEST_0165,0.07046230158730159
TEST_0166,0.22465911131352312
TEST_0167,0.5863310349071217
TEST_0168,0.2698665015540014
TEST_0169,0.46212271062271065
TEST_0170,0.5411977050727051
TEST_0171,0.2496276621039779
TEST_0172,0.1712505651698198
TEST_0173,0.19025923418686577
TEST_0174,0.2889552669552669
TEST_0175,0.43753896103896095
TEST_0176,0.17354457431457435
TEST_0177,0.4077343073593073
TEST_0178,0.2810779220779221
TEST_0179,0.42322327666865056
TEST_0180,0.260713924963925
TEST_0181,0.14179975579975576
TEST_0182,0.3131457431457433
TEST_0183,0.11956457431457432
TEST_0184,0.47258748561380154
TEST_0185,0.1874333224247017
TEST_0186,0.09774908424908425
TEST_0187,0.15685975231664884
TEST_0188,0.17572568668046926
TEST_0189,0.24415277167277175
TEST_0190,0.3181565656565657
TEST_0191,0.18445044280338396
TEST_0192,0.1896343953163574
TEST_0193,0.2049700022200022
TEST_0194,0.1043260905760906
TEST_0195,0.21512718614718618
TEST_0196,0.571032523032523
TEST_0197,0.6462755941798318
TEST_0198,0.19156829281829285
TEST_0199,0.4846663614163613
TEST_0200,0.1155616883116883
TEST_0201,0.36986118456706696
TEST_0202,0.2930728335991494
TEST_0203,0.11549128485893194
TEST_0204,0.46861421584950996
TEST_0205,0.44581173657260614
TEST_0206,0.5287242895992895
TEST_0207,0.10749708624708626
TEST_0208,0.14382997557997557
TEST_0209,0.6723740068782439
TEST_0210,0.30609307359307364
TEST_0211,0.6489777722277721
TEST_0212,0.4061151546193918
TEST_0213,0.47648963944552153
TEST_0214,0.11304467754467755
TEST_0215,0.21183055833055836
TEST_0216,0.12905081900670134
TEST_0217,0.37931454656454655
TEST_0218,0.11357167832167832
TEST_0219,0.2734594572094572
TEST_0220,0.39621568709068705
TEST_0221,0.15294105894105892
TEST_0222,0.6158255078255078
TEST_0223,0.2533502886002886
TEST_0224,0.1673094094252631
TEST_0225,0.2918383083583083
TEST_0226,0.24280591630591628
TEST_0227,0.3597860334110334
TEST_0228,0.28106825565968413
TEST_0229,0.14095325030161096
TEST_0230,0.2919987948057569
TEST_0231,0.56222113997114
TEST_0232,0.20624621212121208
TEST_0233,0.17500765751724823
TEST_0234,0.13252786513689144
TEST_0235,0.48544007465891803
TEST_0236,0.30499922299922305
TEST_0237,0.3905176767676768
TEST_0238,0.3675346042846044
TEST_0239,0.21071031746031743
TEST_0240,0.3373054070112893
TEST_0241,0.3054153624153624
TEST_0242,0.316462641145197
TEST_0243,0.42558304603892827
TEST_0244,0.11034820898056191
TEST_0245,0.6829464886964886
TEST_0246,0.22350632700632694
TEST_0247,0.7218364886747238
TEST_0248,0.21798989082812611
TEST_0249,0.19259668109668104
TEST_0250,0.09484487734487734
TEST_0251,0.5037461166284696
TEST_0252,0.7282476597476594
TEST_0253,0.5322268426018426
TEST_0254,0.11598242630385489
TEST_0255,0.5947857142857143
TEST_0256,0.4162870103752456
TEST_0257,0.15589461384026598
TEST_0258,0.1955701058201058
TEST_0259,0.1531085434173669
TEST_0260,0.16853912753912756
TEST_0261,0.36950187312687327
TEST_0262,0.3281278998778998
TEST_0263,0.39703586691086684
TEST_0264,0.3761278166278165
TEST_0265,0.16052087646652866
TEST_0266,0.1532220634920635
TEST_0267,0.2372772505272505
TEST_0268,0.29712790901238717
TEST_0269,0.17258113742466683
TEST_0270,0.2741955266955266
TEST_0271,0.42323685736921024
TEST_0272,0.10535290404040402
TEST_0273,0.34854323862412095
TEST_0274,0.10978354978354979
TEST_0275,0.1558009392568216
TEST_0276,0.22589659857051153
TEST_0277,0.16087126062913462
TEST_0278,0.2296105123208704
TEST_0279,0.30203936609199766
TEST_0280,0.28331319255457177
TEST_0281,0.1611208513708514
TEST_0282,0.1265064935064935
TEST_0283,0.48809776334776345
TEST_0284,0.18155325268943534
TEST_0285,0.3260443722943722
TEST_0286,0.18155328005328009
TEST_0287,0.3133890831390831
TEST_0288,0.23519372294372293
TEST_0289,0.16300721500721496
TEST_0290,0.2123852813852814
TEST_0291,0.06288195954372426
TEST_0292,0.3499896875999817
TEST_0293,0.25455194805194803
TEST_0294,0.2211197691197691
TEST_0295,0.35993645243645256
TEST_0296,0.08243109668109667
TEST_0297,0.2705252802752802
TEST_0298,0.3972484182484184
TEST_0299,0.4636311009252186
TEST_0300,0.30059183953301605
TEST_0301,0.1759434731934732
TEST_0302,0.49186322011322003
TEST_0303,0.21920397228375488
TEST_0304,0.25866847041847035
TEST_0305,0.17367560921534606
TEST_0306,0.48568174880674875
TEST_0307,0.8285236152736151
TEST_0308,0.7102360522402897
TEST_0309,0.09516411293384977
TEST_0310,0.1620864135864136
TEST_0311,0.5410653235653234
TEST_0312,0.3140555359673007
TEST_0313,0.2865029276279276
TEST_0314,0.43136165223665224
TEST_0315,0.5240666555666555
TEST_0316,0.19209215784215794
TEST_0317,0.5903267840251535
TEST_0318,0.15231863358863357
TEST_0319,0.34817524142524137
TEST_0320,0.5057441031191032
TEST_0321,0.7238867929617728
TEST_0322,0.7033324175824174
TEST_0323,0.25536374796514116
TEST_0324,0.7426391909217998
TEST_0325,0.14920879695017622
TEST_0326,0.501504053136406
TEST_0327,0.21669841081623692
TEST_0328,0.3823726551226551
TEST_0329,0.2351850024428764
TEST_0330,0.2871131723831724
TEST_0331,0.1880261405261405
TEST_0332,0.23675176900964298
TEST_0333,0.3650835275835275
TEST_0334,0.16606573002161237
TEST_0335,0.36162160062160065
TEST_0336,0.1206768152482438
TEST_0337,0.38444787549407117
TEST_0338,0.3672360580595875
TEST_0339,0.11818722943722941
TEST_0340,0.43845224220224205
TEST_0341,0.126478354978355
TEST_0342,0.3946254023754024
TEST_0343,0.3358893606393606
TEST_0344,0.17975467551605478
TEST_0345,0.22483923021423022
TEST_0346,0.089305576776165
TEST_0347,0.2744105339105338
TEST_0348,0.4268037518037518
TEST_0349,0.6293287301211029
TEST_0350,0.39987010375245674
TEST_0351,0.32798971861471854
TEST_0352,0.25269760468289876
TEST_0353,0.37192893217893214
TEST_0354,0.1704754769368563
TEST_0355,0.4575667804417803
TEST_0356,0.35887240632930295
TEST_0357,0.13874450549450545
TEST_0358,0.3020107547681078
TEST_0359,0.363976911976912
TEST_0360,0.08384607059607059
TEST_0361,0.1286500623559447
TEST_0362,0.2769457209457209
TEST_0363,0.4259758297258298
TEST_0364,0.34035497998733283
TEST_0365,0.24470676545676542
TEST_0366,0.23136167998668003
TEST_0367,0.44673101898101913
TEST_0368,0.2235557287540046
TEST_0369,0.2360783660783661
TEST_0370,0.2394274753024753
TEST_0371,0.3318313075813075
TEST_0372,0.30445995670995674
TEST_0373,0.18721423865989084
TEST_0374,0.4064766344766344
TEST_0375,0.1530901875901876
TEST_0376,0.18313780663780657
TEST_0377,0.23135614385614386
TEST_0378,0.38475108225108223
TEST_0379,0.6084173326673327
TEST_0380,0.22429834054834047
TEST_0381,0.41269758019758007
TEST_0382,0.3821672412554766
TEST_0383,0.13323520923520926
TEST_0384,0.20210076035076033
TEST_0385,0.348765651015651
TEST_0386,0.30361327561327556
TEST_0387,0.6147986457986456
TEST_0388,0.10615873015873017
TEST_0389,0.20782089152677385
TEST_0390,0.14276146270034545
TEST_0391,0.3349961011211012
TEST_0392,0.23546464646464646
TEST_0393,0.43680057002617967
TEST_0394,0.19739713064713066
TEST_0395,0.2054109964109964
TEST_0396,0.3054025321084144
TEST_0397,0.3012210983460984
TEST_0398,0.31127561327561326
TEST_0399,0.2372961205461206
TEST_0400,0.25282374569874566
TEST_0401,0.31160938010938005
TEST_0402,0.5365397935397934
TEST_0403,0.2883151613144308
TEST_0404,0.3947213758463758
TEST_0405,0.29105416805416806
TEST_0406,0.2146704059282799
TEST_0407,0.7214483214525584
TEST_0408,0.24624278499278499
TEST_0409,0.38975670995670986
TEST_0410,0.27328772005772
TEST_0411,0.23024364524364518
TEST_0412,0.3286663059163059
TEST_0413,0.20656251591545707
TEST_0414,0.23071042053184912
TEST_0415,0.371420634920635
TEST_0416,0.2218348873348873
TEST_0417,0.5311667205343675
TEST_0418,0.2346798756798757
TEST_0419,0.4316247363747363
TEST_0420,0.3103917679542679
TEST_0421,0.4148119658119657
TEST_0422,0.1395566378066378
TEST_0423,0.22283480408480408
TEST_0424,0.40636362914691093
TEST_0425,0.5126895208334836
TEST_0426,0.36578965478965486
TEST_0427,0.1767160894660895
TEST_0428,0.4002952563484988
TEST_0429,0.13164538239538237
TEST_0430,0.16490680375180375
TEST_0431,0.33043001443001435
TEST_0432,0.09502536352536355
TEST_0433,0.3170468975468975
TEST_0434,0.4183001443001442
TEST_0435,0.5944242424242424
TEST_0436,0.3043693251193252
TEST_0437,0.3744701825951826
TEST_0438,0.1683231442965049
TEST_0439,0.3638370298284091
TEST_0440,0.1779341214341215
TEST_0441,0.21186789562927502
TEST_0442,0.14919825396825398
TEST_0443,0.14433829365079362
TEST_0444,0.26779581529581536
TEST_0445,0.2006678044178044
TEST_0446,0.23303106588400713
TEST_0447,0.23362168014426005
TEST_0448,0.3213357475857475
TEST_0449,0.09654204129204129
TEST_0450,0.09950502275502274
TEST_0451,0.2835756950835691
TEST_0452,0.5402087773337771
TEST_0453,0.21580475810738972
TEST_0454,0.30070129870129875
TEST_0455,0.2021283161283161
TEST_0456,0.2972833552158494
TEST_0457,0.21897420722552294
TEST_0458,0.1784114496614497
TEST_0459,0.3096107226107226
TEST_0460,0.06840476190476191
TEST_0461,0.2573543678543679
TEST_0462,0.14249655083478616
TEST_0463,0.32145707070707075
TEST_0464,0.16223196248196248
TEST_0465,0.25312518037518034
TEST_0466,0.2601333666333666
TEST_0467,0.14243975468975464
TEST_0468,0.2718418455997197
TEST_0469,0.09186455211455213
TEST_0470,0.4866547064047062
TEST_0471,0.38114653402153403
TEST_0472,0.26813095238095225
TEST_0473,0.09180483405483406
TEST_0474,0.05916200060926227
TEST_0475,0.23059235209235204
TEST_0476,0.3755848595848596
TEST_0477,0.2939099927849927
TEST_0478,0.2735096382639077
TEST_0479,0.736393217893218
TEST_0480,0.4086162726162727
TEST_0481,0.22327678206915494
TEST_0482,0.2556363000026793
TEST_0483,0.08942639604475672
TEST_0484,0.09195812520812523
TEST_0485,0.3460678765678765
TEST_0486,0.22521099952678902
TEST_0487,0.30296911517601166
TEST_0488,0.4376369415608544
TEST_0489,0.22308264824508015
TEST_0490,0.0918136863136863
TEST_0491,0.20161688311688308
TEST_0492,0.19490061735649966
TEST_0493,0.3902322954822954
TEST_0494,0.37617152292152306
TEST_0495,0.4967641982200805
TEST_0496,0.295074498972135
TEST_0497,0.5877664835164835
TEST_0498,0.30398490398490396
TEST_0499,0.31604215229215227
TEST_0500,0.17723015873015874
TEST_0501,0.14697749472749475
TEST_0502,0.5322947330447328
TEST_0503,0.23006501201879348
TEST_0504,0.14741414141414141
TEST_0505,0.1068311133311133
TEST_0506,0.14904184704184703
TEST_0507,0.2540576702990495
TEST_0508,0.20180493162751226
TEST_0509,0.283265355015355
TEST_0510,0.25899996525783925
TEST_0511,0.280785964035964
TEST_0512,0.5488692973692973
TEST_0513,0.15514321789321792
TEST_0514,0.139971397682777
TEST_0515,0.6666381673881674
TEST_0516,0.20851226551226557
TEST_0517,0.4935902708402711
TEST_0518,0.5972607845371003
TEST_0519,0.21583838383838377
TEST_0520,0.467989787989788
TEST_0521,0.2536482683982684
TEST_0522,0.16850643800643803
TEST_0523,0.25874484626484634
TEST_0524,0.23379953364096223
TEST_0525,0.23081681724073025
TEST_0526,0.6026241416126666
TEST_0527,0.13565079365079366
TEST_0528,0.5767052703302705
TEST_0529,0.3606948051948051
TEST_0530,0.1788849483849484
TEST_0531,0.4208531088794247
TEST_0532,0.3906004986574607
TEST_0533,0.2264041465070877
TEST_0534,0.27822258297258295
TEST_0535,0.2618357753357753
TEST_0536,0.11819715007215008
TEST_0537,0.18277916605647695
TEST_0538,0.4113339810595909
TEST_0539,0.6416667221667222
TEST_0540,0.246150974025974
TEST_0541,0.252571386946387
TEST_0542,0.4678031690531688
TEST_0543,0.2485854978354978
TEST_0544,0.32257892437129726
TEST_0545,0.1654402719875829
TEST_0546,0.19156679431679433
TEST_0547,0.7469947737447735
TEST_0548,0.3231336996336996
TEST_0549,0.5493594183594184
TEST_0550,0.3028438783438783
TEST_0551,0.36723532023532024
TEST_0552,0.2888090381840381
TEST_0553,0.34533949057478475
TEST_0554,0.2330272366522366
TEST_0555,0.4082924020424019
TEST_0556,0.4188506779445214
TEST_0557,0.18232774170274169
TEST_0558,0.22821320346320342
TEST_0559,0.5237948995448994
TEST_0560,0.1492965367965368
TEST_0561,0.12025768675768672
TEST_0562,0.2586766358095097
TEST_0563,0.7490194707253532
TEST_0564,0.4986425796425796
TEST_0565,0.20909768186871372
TEST_0566,0.16516414141414137
TEST_0567,0.38128584324172543
TEST_0568,0.13311586306413892
TEST_0569,0.15725451446680996
TEST_0570,0.271894054655434
TEST_0571,0.24428831789125902
TEST_0572,0.18010772560772556
TEST_0573,0.24774262284556398
TEST_0574,0.1875632223332223
TEST_0575,0.16867135642135636
TEST_0576,0.3512763902763904
TEST_0577,0.11054700854700852
TEST_0578,0.2194311095650381
TEST_0579,0.3261477558389323
TEST_0580,0.3007615440115439
TEST_0581,0.237489009764745
TEST_0582,0.2951131646131646
TEST_0583,0.2356562049062049
TEST_0584,0.7801372576698662
TEST_0585,0.16566197691197687
TEST_0586,0.12242812579577285
TEST_0587,0.10576205738705736
TEST_0588,0.47785801605801626
TEST_0589,0.5476250971250971
TEST_0590,0.5011631938323116
TEST_0591,0.20340284715284707
TEST_0592,0.12146878121878119
TEST_0593,0.463807133796035
TEST_0594,0.4892683982683982
TEST_0595,0.3620257246778986
TEST_0596,0.2668934056139939
TEST_0597,0.13820099567099567
TEST_0598,0.3123950640862405
TEST_0599,0.5021891996891996
TEST_0600,0.18262272857861092
TEST_0601,0.46890657123984913
TEST_0602,0.2878624098124097
TEST_0603,0.3309426406926406
TEST_0604,0.4278332038332038
TEST_0605,0.20786148282523914
TEST_0606,0.32355519480519473
TEST_0607,0.13190299434864652
TEST_0608,0.1523293650793651
TEST_0609,0.25271727403953576
TEST_0610,0.1856203161917448
TEST_0611,0.48663872238872236
TEST_0612,0.17046861471861477
TEST_0613,0.25467027417027416
TEST_0614,0.24608429968724083
TEST_0615,0.26848210811498213
TEST_0616,0.36589374267631436
TEST_0617,0.2284692252192252
TEST_0618,0.19615209790209792
TEST_0619,0.3348494283494283
TEST_0620,0.39689862914862906
TEST_0621,0.28438840545419497
TEST_0622,0.23722724757812988
TEST_0623,0.42728794353794347
TEST_0624,0.5344371184371185
TEST_0625,0.05279877112135178
TEST_0626,0.43845145241232186
TEST_0627,0.15861026695526695
TEST_0628,0.41764627039627056
TEST_0629,0.2918214285714286
TEST_0630,0.5297034387458115
TEST_0631,0.1741938894438895
TEST_0632,0.23007566089824155
TEST_0633,0.4350020352276448
TEST_0634,0.3952559820629441
TEST_0635,0.21154725829725826
TEST_0636,0.4028389943389942
TEST_0637,0.406573186073186
TEST_0638,0.49197538409303115
TEST_0639,0.6810717338217338
TEST_0640,0.1968577256077256
TEST_0641,0.44163805638805637
TEST_0642,0.2726749403977665
TEST_0643,0.17692171717171715
TEST_0644,0.12945770330028394
TEST_0645,0.23272341547341546
TEST_0646,0.5206672494172494
TEST_0647,0.12199930624930627
TEST_0648,0.39869000444000463
TEST_0649,0.3168036346986347
TEST_0650,0.4442713675213676
TEST_0651,0.11424242424242427
TEST_0652,0.14775202020202025
TEST_0653,0.5094122405372405
TEST_0654,0.3330158730158728
TEST_0655,0.25764423765211164
TEST_0656,0.1511352813852814
TEST_0657,0.22768975468975466
TEST_0658,0.29097835497835495
TEST_0659,0.26096024346024344
TEST_0660,0.24087165555877518
TEST_0661,0.24912745587745583
TEST_0662,0.17698657743222967
TEST_0663,0.1890145965145965
TEST_0664,0.3444644766997708
TEST_0665,0.20889358408476053
TEST_0666,0.5863690655749478
TEST_0667,0.10895165945165947
TEST_0668,0.26413727239514634
TEST_0669,0.39890797068428646
TEST_0670,0.2584091464091464
TEST_0671,0.1937009934509934
TEST_0672,0.19465018315018312
TEST_0673,0.21087931512931515
TEST_0674,0.13301276501276502
TEST_0675,0.16769591519591517
TEST_0676,0.1318639971139971
TEST_0677,0.5927146464646463
TEST_0678,0.47753774003774013
TEST_0679,0.3362160709660711
TEST_0680,0.3192111777111777
TEST_0681,0.36591991341991337
TEST_0682,0.25801406926406917
TEST_0683,0.6062352138602138
TEST_0684,0.3438822913197913
TEST_0685,0.2945426436308789
TEST_0686,0.24189763708513712
TEST_0687,0.32308230658230663
TEST_0688,0.5484974331224329
TEST_0689,0.18843795093795093
TEST_0690,0.46019053169053153
TEST_0691,0.1383075335775336
TEST_0692,0.3709143634143634
TEST_0693,0.2271630591630592
TEST_0694,0.2790933577292272
TEST_0695,0.3687268842268841
TEST_0696,0.08892135642135642
TEST_0697,0.25827179983758936
TEST_0698,0.3534121156621157
TEST_0699,0.1801885891885891
TEST_0700,0.09395743145743146
TEST_0701,0.5296423576423577
TEST_0702,0.24683850260850262
TEST_0703,0.27400937950937954
TEST_0704,0.26327064765300057
TEST_0705,0.0714226406926407
TEST_0706,0.1989799783549783
TEST_0707,0.5038441558441558
TEST_0708,0.39108128908128914
TEST_0709,0.39600649350649336
TEST_0710,0.141529651352232
TEST_0711,0.34556099456099454
TEST_0712,0.2621356143856144
TEST_0713,0.1858338744588745
TEST_0714,0.4325317460317459
TEST_0715,0.46949479532021243
TEST_0716,0.5626227661227661
TEST_0717,0.5931127761127761
TEST_0718,0.32256640581640594
TEST_0719,0.24454646823764464
TEST_0720,0.33688372085430907
TEST_0721,0.4509361074930694
TEST_0722,0.169753996003996
TEST_0723,0.21701046176046174
TEST_0724,0.32986946386946386
TEST_0725,0.18285492285492283
TEST_0726,0.24242612942612948
TEST_0727,0.32029287379287374
TEST_0728,0.48588097360156196
TEST_0729,0.18778896103896103
TEST_0730,0.06823015873015874
TEST_0731,0.309917028373925
TEST_0732,0.5047757717800091
TEST_0733,0.26307367632367634
TEST_0734,0.2588389536389537
TEST_0735,0.3317672605172605
TEST_0736,0.4245786713286714
TEST_0737,0.251523088023088
TEST_0738,0.27931529581529574
TEST_0739,0.1285610500610501
TEST_0740,0.20012373737373731
TEST_0741,0.339424963924964
TEST_0742,0.33902908202908205
TEST_0743,0.4764678961823108
TEST_0744,0.312203235098235
TEST_0745,0.3276340326340327
TEST_0746,0.10331611049616905
TEST_0747,0.31687758075258077
TEST_0748,0.35614133089133104
TEST_0749,0.3390201187701188
TEST_0750,0.41008849647084944
TEST_0751,0.1683071173271173
TEST_0752,0.5816122766122767
TEST_0753,0.5316967893217894
TEST_0754,0.3784541847041847
TEST_0755,0.2542871572871573
TEST_0756,0.25758690465940803
TEST_0757,0.30763483738483743
TEST_0758,0.17877381535732922
TEST_0759,0.07325396825396825
TEST_0760,0.1408625541125541
TEST_0761,0.3388881396381397
TEST_0762,0.18674111033893645
TEST_0763,0.1477310324924118
TEST_0764,0.18765201286551522
TEST_0765,0.2438440396959362
TEST_0766,0.29794628371628373
TEST_0767,0.16232653131182542
TEST_0768,0.6059125874125874
TEST_0769,0.5232181707181706
TEST_0770,0.2529294039294039
TEST_0771,0.20892435342435342
TEST_0772,0.1981719669219669
TEST_0773,0.04841883116883117
TEST_0774,0.28810662254412256
TEST_0775,0.22877319902319893
TEST_0776,0.3625295204795205
TEST_0777,0.1520667687276294
TEST_0778,0.48882603690788334
TEST_0779,0.29423809523809513
TEST_0780,0.5129271284271284
TEST_0781,0.1734464285714285
TEST_0782,0.2403403818403818
TEST_0783,0.07457215007215008
TEST_0784,0.09689069264069262
TEST_0785,0.30839960039960046
TEST_0786,0.38715598290598274
TEST_0787,0.13374603174603178
TEST_0788,0.5569062604062605
TEST_0789,0.3028444745598147
TEST_0790,0.10278952380952382
TEST_0791,0.724170848925086
TEST_0792,0.1832443598068597
TEST_0793,0.10159065934065933
TEST_0794,0.166005772005772
TEST_0795,0.14003860028860024
TEST_0796,0.17934317371153433
TEST_0797,0.5997387623668111
TEST_0798,0.34651875901875906
TEST_0799,0.2167194472194472
TEST_0800,0.4559256299256299
TEST_0801,0.4574379093129091
TEST_0802,0.21167854367854366
TEST_0803,0.3718088218970572
TEST_0804,0.2447683497058497
TEST_0805,0.15651163550931352
TEST_0806,0.3526128454878455
TEST_0807,0.1038809523809524
TEST_0808,0.3149325772266948
TEST_0809,0.15661019536019533
TEST_0810,0.5156469086469087
TEST_0811,0.11095604395604396
TEST_0812,0.3773383422133422
TEST_0813,0.18337429237429234
TEST_0814,0.470737678987679
TEST_0815,0.29801384726384716
TEST_0816,0.49057814407814404
TEST_0817,0.20825901875901873
TEST_0818,0.31582134532134526
TEST_0819,0.4759773004773004
TEST_0820,0.4264582362082362
TEST_0821,0.19498353880419103
TEST_0822,0.48325288600288596
TEST_0823,0.17134227106227104
TEST_0824,0.42085825285825285
TEST_0825,0.3156311743811744
TEST_0826,0.15450216450216453
TEST_0827,0.19680813630813623
TEST_0828,0.27504714729714724
TEST_0829,0.5364641747141747
TEST_0830,0.1368970605417974
TEST_0831,0.40136175629925647
TEST_0832,0.32926086029880425
TEST_0833,0.5188143028469115
TEST_0834,0.20034453823953818
TEST_0835,0.41603182928182925
TEST_0836,0.2321459235209235
TEST_0837,0.17192532467532465
TEST_0838,0.48054944728474136
TEST_0839,0.263260101010101
TEST_0840,0.09594616494616495
TEST_0841,0.15756204906204904
TEST_0842,0.2376860916860916
TEST_0843,0.20010064935064936
TEST_0844,0.43799642353879625
TEST_0845,0.22230290974198536
TEST_0846,0.379465478965479
TEST_0847,0.3972840770340769
TEST_0848,0.47356915306915304
TEST_0849,0.6141084054834052
TEST_0850,0.2781443833943834
TEST_0851,0.3393698801198801
TEST_0852,0.4268884144263746
TEST_0853,0.34238489288489293
TEST_0854,0.22619905094905093
TEST_0855,0.11728882228882227
TEST_0856,0.5075521978021977
TEST_0857,0.43352261627261635
TEST_0858,0.14376443001443
TEST_0859,0.2935241147741148
TEST_0860,0.24544524919524932
TEST_0861,0.2221111111111111
TEST_0862,0.446391774891775
TEST_0863,0.3555725385725386
TEST_0864,0.568265762015762
TEST_0865,0.25955140692640694
TEST_0866,0.30370129870129875
TEST_0867,0.2431361138861138
TEST_0868,0.17509415584415586
TEST_0869,0.4514216546795287
TEST_0870,0.17366071428571428
TEST_0871,0.11889341991341988
TEST_0872,0.4067963980463981
TEST_0873,0.2787117882117882
TEST_0874,0.25526479076479075
TEST_0875,0.46584645909645905
TEST_0876,0.3922251637251638
TEST_0877,0.39967828467828453
TEST_0878,0.35400613275613274
TEST_0879,0.4150067266146892
TEST_0880,0.14662648462648464
TEST_0881,0.20665909090909093
TEST_0882,0.7205190007732383
TEST_0883,0.25894551647183217
TEST_0884,0.4191292596292597
TEST_0885,0.11358080808080807
TEST_0886,0.36170224220224223
TEST_0887,0.23985439560439553
TEST_0888,0.384702380952381
TEST_0889,0.17130211455211453
TEST_0890,0.18760615162615163
TEST_0891,0.15371897546897548
TEST_0892,0.710782829312787
TEST_0893,0.07511082883418947
TEST_0894,0.3421459373959373
TEST_0895,0.5053875036453778
TEST_0896,0.5389896587152685
TEST_0897,0.5013104256854259
TEST_0898,0.29001968864468863
TEST_0899,0.25264430014430017
TEST_0900,0.26675271950271945
TEST_0901,0.2792120657120656
TEST_0902,0.4107064749253183
TEST_0903,0.13561147186147188
TEST_0904,0.4679909812409813
TEST_0905,0.19153888509151662
TEST_0906,0.4001132034632034
TEST_0907,0.10352035428173358
TEST_0908,0.1972199744699745
TEST_0909,0.18004917304917303
TEST_0910,0.1567143477437595
TEST_0911,0.37053105228105215
TEST_0912,0.6343107448107448
TEST_0913,0.324238034911948
TEST_0914,0.17569011544011542
TEST_0915,0.3280270007770008
TEST_0916,0.1297786447269206
TEST_0917,0.37789213564213553
TEST_0918,0.42832828282828284
TEST_0919,0.16210286935286933
TEST_0920,0.1676435786435786
TEST_0921,0.22077675102675096
TEST_0922,0.2966139465110053
TEST_0923,0.5754766067266066
TEST_0924,0.2880505430242273
TEST_0925,0.2360407994236734
TEST_0926,0.15370308410986377
TEST_0927,0.17365277589560202
TEST_0928,0.17902128427128425
TEST_0929,0.3433925518925519
TEST_0930,0.12062592962592963
TEST_0931,0.14134126984126985
TEST_0932,0.16563110545368612
TEST_0933,0.29391910866910864
TEST_0934,0.3466334776334776
TEST_0935,0.5468144138470226
TEST_0936,0.30037029637029633
TEST_0937,0.1357676767676768
TEST_0938,0.11750360750360749
TEST_0939,0.16060683760683758
TEST_0940,0.29638664113664115
TEST_0941,0.2581167557932264
TEST_0942,0.4073906648906649
TEST_0943,0.162018167719065
TEST_0944,0.19175006380377219
TEST_0945,0.3388546894282188
TEST_0946,0.09847924297924299
TEST_0947,0.28190537240537233
TEST_0948,0.16912698412698413
TEST_0949,0.11249783549783549
TEST_0950,0.22211778499278498
TEST_0951,0.5201785714285714
TEST_0952,0.24503867871259177
TEST_0953,0.27596103896103896
TEST_0954,0.15173046972184903
TEST_0955,0.32513911088911085
TEST_0956,0.4180168090415182
TEST_0957,0.37782326346168454
TEST_0958,0.5202706102748474
TEST_0959,0.5170011516261516
TEST_0960,0.09604148629148629
TEST_0961,0.5508910533910533
TEST_0962,0.1636049228549229
TEST_0963,0.15243223443223444
TEST_0964,0.2455711249534779
TEST_0965,0.2543621933621934
TEST_0966,0.6539056221556221
TEST_0967,0.32772446997446997
TEST_0968,0.18968038295038298
TEST_0969,0.1301976725460332
TEST_0970,0.07461469086469086
TEST_0971,0.2384468489027312
TEST_0972,0.169015562939476
TEST_0973,0.299069042069042
TEST_0974,0.17362393939393936
TEST_0975,0.504224025974026
TEST_0976,0.31879237429237434
TEST_0977,0.20885858585858585
TEST_0978,0.20585209235209231
TEST_0979,0.3362699245199245
TEST_0980,0.4558433233433233
TEST_0981,0.41361718836718836
TEST_0982,0.1664477466977467
TEST_0983,0.2952636479416942
TEST_0984,0.14689055389055386
TEST_0985,0.47162887112887103
TEST_0986,0.1673174603174603
TEST_0987,0.3914011266511267
TEST_0988,0.351995670995671
TEST_0989,0.2828670496170496
TEST_0990,0.23432457385295963
TEST_0991,0.21665707891237304
TEST_0992,0.49660864135864147
TEST_0993,0.3237051241441486
TEST_0994,0.12098015873015872
TEST_0995,0.15936291486291485
TEST_0996,0.11526967476967474
TEST_0997,0.12464023535851122
TEST_0998,0.4058470157293685
TEST_0999,0.41108841158841153
TEST_1000,0.30847342742249456
TEST_1001,0.24256107781107783
TEST_1002,0.2618764615014615
TEST_1003,0.26915181183195885
TEST_1004,0.26968655321286894
TEST_1005,0.3100171217671218
TEST_1006,0.4197210289710289
TEST_1007,0.665489649239649
TEST_1008,0.4133299200799202
TEST_1009,0.20492153598035956
TEST_1010,0.2332930300693458
TEST_1011,0.16397104978354973
TEST_1012,0.16172510822510822
TEST_1013,0.18825741264583368
TEST_1014,0.48152594627594636
TEST_1015,0.14583290813311095
TEST_1016,0.06391666666666668
TEST_1017,0.10567424242424243
TEST_1018,0.13179356551944788
TEST_1019,0.28880402767167473
TEST_1020,0.33722173659673665
TEST_1021,0.3382415639915639
TEST_1022,0.197215586138
TEST_1023,0.5813333808004859
TEST_1024,0.23774025974025964
TEST_1025,0.06896825396825397
TEST_1026,0.7201500721500723
TEST_1027,0.18122258297258295
TEST_1028,0.2144514097014097
TEST_1029,0.6809951992451991
TEST_1030,0.20479979701513723
TEST_1031,0.2890120295646383
TEST_1032,0.30841180714710126
TEST_1033,0.31709582778332773
TEST_1034,0.20962562437562432
TEST_1035,0.1603685349737981
TEST_1036,0.2743649406149407
TEST_1037,0.19244476722108303
TEST_1038,0.1661909825045076
TEST_1039,0.3565697694118747
TEST_1040,0.1929230593967436
TEST_1041,0.42384348984348974
TEST_1042,0.2890488011988011
TEST_1043,0.306776862026862
TEST_1044,0.19928670838964962
TEST_1045,0.5514234948058476
TEST_1046,0.5709736374736375
TEST_1047,0.27224289599289603
TEST_1048,0.2522035291943829
TEST_1049,0.27081546231546233
TEST_1050,0.18209462759462755
TEST_1051,0.27219607470394874
TEST_1052,0.23438694734384385
TEST_1053,0.34648519089197044
TEST_1054,0.538343757120073
TEST_1055,0.36470144229977414
TEST_1056,0.661425713175713
TEST_1057,0.3700220057720058
TEST_1058,0.1440033855033855
TEST_1059,0.09654365079365078
TEST_1060,0.26536224886224885
TEST_1061,0.20906085581085576
TEST_1062,0.7503683734566087
TEST_1063,0.5829594539232699
TEST_1064,0.1536667221667222
TEST_1065,0.25370276246063644
TEST_1066,0.3653177100677101
TEST_1067,0.2647319069819069
TEST_1068,0.21563674560733379
TEST_1069,0.27311951936951934
TEST_1070,0.34186533007222664
TEST_1071,0.3229672427245957
TEST_1072,0.06592155584067347
TEST_1073,0.20468816804110926
TEST_1074,0.14365399360987596
TEST_1075,0.3241899577547938
TEST_1076,0.27022478150780044
TEST_1077,0.16143475968475973
TEST_1078,0.18887853812853814
TEST_1079,0.07303983516483516
TEST_1080,0.3077181886740711
TEST_1081,0.1351260683760684
TEST_1082,0.20738763575605682
TEST_1083,0.24503798978798982
TEST_1084,0.3156518759018758
TEST_1085,0.13819058229352346
TEST_1086,0.5256771284271284
TEST_1087,0.30950362914862917
TEST_1088,0.23418646631146625
TEST_1089,0.22108658008658005
TEST_1090,0.5821114832879539
TEST_1091,0.27197567903264097
TEST_1092,0.19197258297258293
TEST_1093,0.20323257298257288
TEST_1094,0.4039512570762571
TEST_1095,0.3295000277500278
TEST_1096,0.2887738095238095
TEST_1097,0.16231823731823736
TEST_1098,0.36140411549235085
TEST_1099,0.34883197521432807
TEST_1100,0.3189082029082029
TEST_1101,0.38540975690975676
TEST_1102,0.6063057498057498
TEST_1103,0.2762403707403708
TEST_1104,0.15343561993561994
TEST_1105,0.3514510499079465
TEST_1106,0.1421376580935404
TEST_1107,0.15076479021097697
TEST_1108,0.3567239779601129
TEST_1109,0.43144305694305707
TEST_1110,0.3218547077922079
TEST_1111,0.42509758626495897
TEST_1112,0.13328829503829506
TEST_1113,0.22963426279602747
TEST_1114,0.3080751193251194
TEST_1115,0.17258641358641355
TEST_1116,0.49911834980737396
TEST_1117,0.4847978965478965
TEST_1118,0.14648675768675765
TEST_1119,0.4035151515151515
TEST_1120,0.2892656080579809
TEST_1121,0.10780471991043351
TEST_1122,0.25319896769896766
TEST_1123,0.32044637500333706
TEST_1124,0.21112489588276995
TEST_1125,0.41771081696081674
TEST_1126,0.1316441414141414
TEST_1127,0.1895115092693832
TEST_1128,0.3519117410648851
TEST_1129,0.4272251082251081
TEST_1130,0.382569153069153
TEST_1131,0.19649511599511593
TEST_1132,0.25513131313131315
TEST_1133,0.20101917526917526
TEST_1134,0.4813871888980584
TEST_1135,0.3304867909867909
TEST_1136,0.3875443722943724
TEST_1137,0.14149023199023197
TEST_1138,0.6507995173376527
TEST_1139,0.09589621489621489
TEST_1140,0.3868682706182706
TEST_1141,0.23606561669324827
TEST_1142,0.10488886277121574
TEST_1143,0.1781185342435342
TEST_1144,0.3649006549006549
TEST_1145,0.26582571117407183
TEST_1146,0.5887450604950605
TEST_1147,0.7435490620532993
TEST_1148,0.13393867243867247
TEST_1149,0.33863804713804724
TEST_1150,0.4530888278388278
TEST_1151,0.3896261198151442
TEST_1152,0.2641112853812854
TEST_1153,0.22448297535797537
TEST_1154,0.190070707070707
TEST_1155,0.433655818038171
TEST_1156,0.35290392940392934
TEST_1157,0.27301599326599324
TEST_1158,0.2707690181757978
TEST_1159,0.15723699211986608
TEST_1160,0.4497311005500207
TEST_1161,0.5267373737373737
TEST_1162,0.19382182533135342
TEST_1163,0.2386012598512599
TEST_1164,0.2526176323676324
TEST_1165,0.36756782106782104
TEST_1166,0.34468611674307864
TEST_1167,0.4065674186924186
TEST_1168,0.4078578088578089
TEST_1169,0.4519311142074301
TEST_1170,0.2810899977215767
TEST_1171,0.27683294483294485
TEST_1172,0.18359102009102007
TEST_1173,0.2127705072705072
TEST_1174,0.1126693952677559
TEST_1175,0.23334953235740635
TEST_1176,0.15402369852369854
TEST_1177,0.3723755966255966
TEST_1178,0.24369655344655347
TEST_1179,0.21837296021438887
TEST_1180,0.4910198646382857
TEST_1181,0.1080146557319174
TEST_1182,0.19584990009990005
TEST_1183,0.6918443223443224
TEST_1184,0.17307266308404237
TEST_1185,0.47028235653235645
TEST_1186,0.2262514234131881
TEST_1187,0.5452752175360872
TEST_1188,0.1777667199949808
TEST_1189,0.2776717609875505
TEST_1190,0.6272253579753579
TEST_1191,0.28062806637806637
TEST_1192,0.283052269625799
TEST_1193,0.3646831338596045
TEST_1194,0.16964862914862913
TEST_1195,0.8510151851444226
TEST_1196,0.4919126776001779
TEST_1197,0.3575400371850372
TEST_1198,0.3307551615051615
TEST_1199,0.5903212481962483
TEST_1200,0.2836522562404916
TEST_1201,0.36434462759462766
TEST_1202,0.24678102453102446
TEST_1203,0.5544123099123098
TEST_1204,0.10940151515151514
TEST_1205,0.2106583694083694
TEST_1206,0.17283766233766232
TEST_1207,0.1835828123658312
TEST_1208,0.3880093795093796
TEST_1209,0.23489889496468444
TEST_1210,0.18986327312178702
TEST_1211,0.3364415584415583
TEST_1212,0.2401253746253746
TEST_1213,0.29542757242757245
TEST_1214,0.10376862026862028
TEST_1215,0.6504295426795424
TEST_1216,0.6487284856065343
TEST_1217,0.19019985569985567
TEST_1218,0.32527250527250523
TEST_1219,0.18351498011792128
TEST_1220,0.08500996225996228
TEST_1221,0.3913984626484626
TEST_1222,0.15275
TEST_1223,0.24188024184399823
TEST_1224,0.29978883941117984
TEST_1225,0.2627985425685426
TEST_1226,0.27740463936312404
TEST_1227,0.28624104795080973
TEST_1228,0.15752561327561324
TEST_1229,0.24191570031275902
TEST_1230,0.22262734487734484
TEST_1231,0.15082902597402595
TEST_1232,0.34004112972980904
TEST_1233,0.19016055023407966
TEST_1234,0.18803666963755195
TEST_1235,0.5669781283531282
TEST_1236,0.7245295445295445
TEST_1237,0.2058730713730714
TEST_1238,0.6391883394383395
TEST_1239,0.228195263070263
TEST_1240,0.2854929237429238
TEST_1241,0.28521611721611717
TEST_1242,0.27122414622414626
TEST_1243,0.08544877344877344
TEST_1244,0.4981475801975803
TEST_1245,0.3270880323380323
TEST_1246,0.38969756851335796
TEST_1247,0.1033973803973804
TEST_1248,0.24258751379339613
TEST_1249,0.3001867505100264
TEST_1250,0.14393225735617038
TEST_1251,0.22468623043623043
TEST_1252,0.416653731840299
TEST_1253,0.0983015873015873
TEST_1254,0.41637140637140635
TEST_1255,0.25373414085914087
TEST_1256,0.23677281052281052
TEST_1257,0.27404173075290716
TEST_1258,0.24193131868131865
TEST_1259,0.47168950493950496
TEST_1260,0.6694250055500055
TEST_1261,0.32584886439725147
TEST_1262,0.3164034299034299
TEST_1263,0.23521614496614493
TEST_1264,0.189407078668458
TEST_1265,0.33871572871572864
TEST_1266,0.2203851703851704
TEST_1267,0.2609801727024728
TEST_1268,0.18545770895770897
TEST_1269,0.27208727479417133
TEST_1270,0.4713599047648169
TEST_1271,0.34203410095651476
TEST_1272,0.16908325008325004
TEST_1273,0.2666642068442654
TEST_1274,0.121012876012876
TEST_1275,0.27747646797646797
TEST_1276,0.36017989936892386
TEST_1277,0.10147835497835497
TEST_1278,0.6648607226107225
TEST_1279,0.19033172383172375
TEST_1280,0.5245630741512097
TEST_1281,0.3046934731934731
TEST_1282,0.201814736346516
TEST_1283,0.13147252747252744
TEST_1284,0.191968031968032
TEST_1285,0.11932629870129871
TEST_1286,0.1967110676679642
TEST_1287,0.29272743922743927
TEST_1288,0.2636554834054834
TEST_1289,0.2577558315867139
TEST_1290,0.6208041680541679
TEST_1291,0.21280312661195017
TEST_1292,0.12100222000222
TEST_1293,0.23826590501002273
TEST_1294,0.24679777167277167
TEST_1295,0.18173227550227553
TEST_1296,0.15687521091926124
TEST_1297,0.30668783993784
TEST_1298,0.4253380214556687
TEST_1299,0.11521212121212121
TEST_1300,0.22240254190254183
TEST_1301,0.3700102081154713
TEST_1302,0.13845888686476918
TEST_1303,0.23176020408163267
TEST_1304,0.22102922309641376
TEST_1305,0.33524822399822396
TEST_1306,0.3100810350044221
TEST_1307,0.10458549783549782
TEST_1308,0.11798511703531986
TEST_1309,0.13511474636474635
TEST_1310,0.5416734164803785
TEST_1311,0.26736919045007285
TEST_1312,0.15947480297480296
TEST_1313,0.3986845931845932
TEST_1314,0.2852694805194805
TEST_1315,0.18995984570984573
TEST_1316,0.376212814962815
TEST_1317,0.17530728068219215
TEST_1318,0.4023690476190475
TEST_1319,0.5887715895215895
TEST_1320,0.3019101106679847
TEST_1321,0.30165087690087694
TEST_1322,0.4357007992007991
TEST_1323,0.3905977494727495
TEST_1324,0.213243444001318
TEST_1325,0.26576569264069255
TEST_1326,0.2856343656343656
TEST_1327,0.3062399847959059
TEST_1328,0.10538888888888889
TEST_1329,0.33773265623265614
TEST_1330,0.23552074314574317
TEST_1331,0.435195269953144
TEST_1332,0.3016191697191697
TEST_1333,0.10071489621489621
TEST_1334,0.3813176473285169
TEST_1335,0.3387547175047175
TEST_1336,0.04468885281385281
TEST_1337,0.5236464923964925
TEST_1338,0.34868512043512057
TEST_1339,0.4016177433677434
TEST_1340,0.5245511947203123
TEST_1341,0.252036297036297
TEST_1342,0.3443701298701298
TEST_1343,0.2979703809262633
TEST_1344,0.37155829521631406
TEST_1345,0.26425704850704845
TEST_1346,0.7224069726569725
TEST_1347,0.16449846858567785
TEST_1348,0.6354081536911723
TEST_1349,0.06273809523809523
TEST_1350,0.3630111971361971
TEST_1351,0.4946848984348983
TEST_1352,0.17834620934620937
TEST_1353,0.2512339049839051
TEST_1354,0.3030598568098568
TEST_1355,0.25537977994227995
TEST_1356,0.10552564102564102
TEST_1357,0.28839253883371524
TEST_1358,0.15842934842934844
TEST_1359,0.33111038961038963
TEST_1360,0.34926778776778794
TEST_1361,0.19697675324675326
TEST_1362,0.265886433011433
TEST_1363,0.3596422624492246
TEST_1364,0.490162101787102
TEST_1365,0.5752985764235765
TEST_1366,0.2573262987012987
TEST_1367,0.33928543678543677
TEST_1368,0.5230335544085545
TEST_1369,0.6251543179043177
TEST_1370,0.1345999694749695
TEST_1371,0.4264069264069263
TEST_1372,0.5951266233766234
TEST_1373,0.3103110737583354
TEST_1374,0.12056862099253403
TEST_1375,0.5704562382062381
TEST_1376,0.23162965657530868
TEST_1377,0.545640141291457
TEST_1378,0.6004903013653012
TEST_1379,0.6271334498834498
TEST_1380,0.09850260850260847
TEST_1381,0.29754134551722783
TEST_1382,0.33847171809671805
TEST_1383,0.12050488400488399
TEST_1384,0.17880513231300632
TEST_1385,0.44261924186924195
TEST_1386,0.43517894094209886
TEST_1387,0.23805005125593362
TEST_1388,0.49346929053331484
TEST_1389,0.11875113775113773
TEST_1390,0.11705497280497282
TEST_1391,0.19106227106227103
TEST_1392,0.3776133404778916
TEST_1393,0.10632936507936509
TEST_1394,0.44230028305028296
TEST_1395,0.3975163447663448
TEST_1396,0.35453217615717614
TEST_1397,0.13412734487734487
TEST_1398,0.6280096708846709
TEST_1399,0.4296120546120546
TEST_1400,0.2617164224664225
TEST_1401,0.16789645077145077
TEST_1402,0.12807034632034628
TEST_1403,0.20071767121767128
TEST_1404,0.1514786047286047
TEST_1405,0.2237723170076111
TEST_1406,0.2554708804267628
TEST_1407,0.24337433399933395
TEST_1408,0.3777272727272727
TEST_1409,0.34773820623820617
TEST_1410,0.16678769323387996
TEST_1411,0.14722065434565434
TEST_1412,0.2269318459318459
TEST_1413,0.1401849816849817
TEST_1414,0.22509717360504766
TEST_1415,0.37572402597402593
TEST_1416,0.42945165945165953
TEST_1417,0.23735218947718945
TEST_1418,0.27995526695526696
TEST_1419,0.18140681585439652
TEST_1420,0.1491491797676008
TEST_1421,0.40935612998112986
TEST_1422,0.3824855320118478
TEST_1423,0.4811420246420247
TEST_1424,0.3876383616383615
TEST_1425,0.21087193362193365
TEST_1426,0.20057486957486956
TEST_1427,0.4515983101865455
TEST_1428,0.4581519694089312
TEST_1429,0.32364553502053495
TEST_1430,0.49437262737262727
TEST_1431,0.3491037573537573
TEST_1432,0.19609426684426684
TEST_1433,0.37376209901209895
TEST_1434,0.33527627927627923
TEST_1435,0.4696148296148295
TEST_1436,0.2157616827616828
TEST_1437,0.39114556965344377
TEST_1438,0.1408974164724165
TEST_1439,0.2163559773559774
TEST_1440,0.5659310134310135
TEST_1441,0.16595189754689751
TEST_1442,0.11681355572532041
TEST_1443,0.2684144001250506
TEST_1444,0.47944169719169705
TEST_1445,0.17307385059385058
TEST_1446,0.6760209235209232
TEST_1447,0.34256376629906043
TEST_1448,0.1509034443817053
TEST_1449,0.23495299145299142
TEST_1450,0.2506969771949183
TEST_1451,0.5360584415584415
TEST_1452,0.5196463602187286
TEST_1453,0.20697990993680648
TEST_1454,0.38907520257520256
TEST_1455,0.15147615717615714
TEST_1456,0.4896025641025641
TEST_1457,0.25671614130967074
TEST_1458,0.6399540644540644
TEST_1459,0.27549608724608715
TEST_1460,0.08810912698412698
TEST_1461,0.150782301032301
TEST_1462,0.04826026424555836
TEST_1463,0.3809367258757502
TEST_1464,0.2659798911599497
TEST_1465,0.3048192640692641
TEST_1466,0.1388058608058608
TEST_1467,0.2086282328782329
TEST_1468,0.7450748060790433
TEST_1469,0.3122882395382396
TEST_1470,0.5937048090798089
TEST_1471,0.49345163499400796
TEST_1472,0.18970574647574645
TEST_1473,0.10865698286387941
TEST_1474,0.20495007770007767
TEST_1475,0.1378722666222666
TEST_1476,0.26234469778587427
TEST_1477,0.22565107166815238
TEST_1478,0.5593859630792247
TEST_1479,0.18397370319738737
TEST_1480,0.16240987035839974
TEST_1481,0.3236069534753746
TEST_1482,0.2960136952419561
TEST_1483,0.24603291727429658
TEST_1484,0.33384126984126977
TEST_1485,0.31267748917748917
TEST_1486,0.2915726287055027
TEST_1487,0.15360212826389297
TEST_1488,0.6972443548013166
TEST_1489,0.35178114478114464
TEST_1490,0.11706443556443558
TEST_1491,0.25610715673215667
TEST_1492,0.15615054390054384
TEST_1493,0.3103275335775336
TEST_1494,0.12004990842490841
TEST_1495,0.2029509102009102
TEST_1496,0.34317928150281085
TEST_1497,0.33215083527583533
TEST_1498,0.5443336108336109
TEST_1499,0.466501012876013
TEST_1500,0.33543737237605165
TEST_1501,0.23594337144337135
TEST_1502,0.4517091768525592
TEST_1503,0.09763447180838486
TEST_1504,0.9203610938653312
TEST_1505,0.5279271423021424
TEST_1506,0.2677422854922854
TEST_1507,0.5966353679277407
TEST_1508,0.7169639362520719
TEST_1509,0.4325807453416148
TEST_1510,0.2754965312465312
TEST_1511,0.3078888888888888
TEST_1512,0.33913156288156293
TEST_1513,0.22215491488337713
TEST_1514,0.1593491230991231
TEST_1515,0.270309163059163
TEST_1516,0.18608748318570598
TEST_1517,0.42953149628149623
TEST_1518,0.15322649572649574
TEST_1519,0.19896544303886565
TEST_1520,0.24161616161616162
TEST_1521,0.23946608336108333
TEST_1522,0.5699565989565989
TEST_1523,0.5545670995670995
TEST_1524,0.3154648407148407
TEST_1525,0.349613251155624
TEST_1526,0.34084788359788365
TEST_1527,0.3308442876021616
TEST_1528,0.2585579738888562
TEST_1529,0.3205838272838272
TEST_1530,0.23698574111074105
TEST_1531,0.2501456806535547
TEST_1532,0.1815383146546939
TEST_1533,0.3500745920745922
TEST_1534,0.27230159679501775
TEST_1535,0.3829517427017428
TEST_1536,0.2002029220779221
TEST_1537,0.4055709013209013
TEST_1538,0.23351984126984132
TEST_1539,0.13781043605181537
TEST_1540,0.2154269896769897
TEST_1541,0.09091910866910866
TEST_1542,0.48148088023088015
TEST_1543,0.35055377955377964
TEST_1544,0.2735449095722205
TEST_1545,0.6169790764790765
TEST_1546,0.22434709734709735
TEST_1547,0.18775302475302472
TEST_1548,0.09797169497169497
TEST_1549,0.20606346431346428
TEST_1550,0.4968205242469947
TEST_1551,0.24440824721087875
TEST_1552,0.24700563325563316
TEST_1553,0.24210434010434015
TEST_1554,0.15186616161616162
TEST_1555,0.17208959939842294
TEST_1556,0.25111616161616157
TEST_1557,0.5060495754245754
TEST_1558,0.62537567987568
TEST_1559,0.2336410334110334
TEST_1560,0.2522061680149915
TEST_1561,0.15820989427858295
TEST_1562,0.43115677743309333
TEST_1563,0.3796016206016206
TEST_1564,0.16941605616605618
TEST_1565,0.4488729187479186
TEST_1566,0.1773619060677884
TEST_1567,0.5120362137862139
TEST_1568,0.17663675213675212
TEST_1569,0.11286760461760462
TEST_1570,0.15118856143856144
TEST_1571,0.21508340660404035
TEST_1572,0.40888927575692263
TEST_1573,0.22579920681205112
TEST_1574,0.5020561810170506
TEST_1575,0.30600313575313576
TEST_1576,0.4687639305139305
TEST_1577,0.23416743336187454
TEST_1578,0.2919848484848485
TEST_1579,0.2727678293928293
TEST_1580,0.17523224175695107
TEST_1581,0.12074389499389498
TEST_1582,0.15833790509577908
TEST_1583,0.1519343434343434
TEST_1584,0.15316388775309317
TEST_1585,0.20546248196248196
TEST_1586,0.26004417804417806
TEST_1587,0.1700707960621754
TEST_1588,0.22417932067932075
TEST_1589,0.3765733727057258
TEST_1590,0.5899591797091797
TEST_1591,0.2856479779810981
TEST_1592,0.19672222222222227
TEST_1593,0.40940623265623266
TEST_1594,0.34665276390276395
TEST_1595,0.40781385281385285
TEST_1596,0.26964520610108855
TEST_1597,0.22730140692640685
TEST_1598,0.16421692196692195
TEST_1599,0.2999086664969018
TEST_1600,0.3093638284649081
TEST_1601,0.21005601937744792
TEST_1602,0.07683952158952158
TEST_1603,0.08917719062546649
TEST_1604,0.8592990597782019
TEST_1605,0.45590007215007206
TEST_1606,0.2552879897879898
TEST_1607,0.09540800865800868
TEST_1608,0.05856746031746032
TEST_1609,0.3148920666205288
TEST_1610,0.21097591460826756
TEST_1611,0.2797720890220891
TEST_1612,0.36298004049091
TEST_1613,0.15387113997113996
TEST_1614,0.2587801267360091
TEST_1615,0.5567542457542458
TEST_1616,0.7427452824952825
TEST_1617,0.13507972582972586
TEST_1618,0.1743748884460752
TEST_1619,0.1390008190733997
TEST_1620,0.1586537262021133
TEST_1621,0.42290159840159847
TEST_1622,0.16612662337662332
TEST_1623,0.3046002886002887
TEST_1624,0.3515654900654901
TEST_1625,0.4529578477078477
TEST_1626,0.5372127317127318
TEST_1627,0.3293589743589744
TEST_1628,0.41788490213490226
TEST_1629,0.3136492118992119
TEST_1630,0.24462975912975907
TEST_1631,0.1023524531024531
TEST_1632,0.1415273250714427
TEST_1633,0.34528879453879446
TEST_1634,0.11894372294372295
TEST_1635,0.21977347041847042
TEST_1636,0.4709413126805114
TEST_1637,0.17424590687090685
TEST_1638,0.38706746031746014
TEST_1639,0.4706466033966033
TEST_1640,0.3892579365079365
TEST_1641,0.30120998445998454
TEST_1642,0.15252056277056278
TEST_1643,0.5356123372241794
TEST_1644,0.558330586080586
TEST_1645,0.2914819347319347
TEST_1646,0.27609222558487256
TEST_1647,0.19457706511943804
TEST_1648,0.14866053762779927
TEST_1649,0.13637896825396825
TEST_1650,0.1722449494949495
TEST_1651,0.20353501443001445
TEST_1652,0.18246326673326677
TEST_1653,0.15187967587967585
TEST_1654,0.18712735956853607
TEST_1655,0.358562049062049
TEST_1656,0.1379339826839827
TEST_1657,0.48720093264578557
TEST_1658,0.12298989898989898
TEST_1659,0.711175164207773
TEST_1660,0.3687110667110667
TEST_1661,0.10998001998001998
TEST_1662,0.2750531006362208
TEST_1663,0.3810178706305327
TEST_1664,0.33548897032209046
TEST_1665,0.15827167277167276
TEST_1666,0.47580945443445427
TEST_1667,0.3523553391053391
TEST_1668,0.17673107448107447
TEST_1669,0.43208743157427354
TEST_1670,0.25943156843156834
TEST_1671,0.22948090187590187
TEST_1672,0.4123638583638583
TEST_1673,0.22738336663336664
TEST_1674,0.2230589374076216
TEST_1675,0.7037417360750138
TEST_1676,0.5026325063825064
TEST_1677,0.14103783789310106
TEST_1678,0.16091816516816518
TEST_1679,0.21977623604702715
TEST_1680,0.23670753690753688
TEST_1681,0.2841736582131319
TEST_1682,0.29056216694504094
TEST_1683,0.5870172103223575
TEST_1684,0.5047199467199468
TEST_1685,0.2005384147442971
TEST_1686,0.23466651554966775
TEST_1687,0.5043675768675768
TEST_1688,0.2968081085581085
TEST_1689,0.10557467532467532
TEST_1690,0.3078227328227328
TEST_1691,0.32644039294039295
TEST_1692,0.3307592685092684
TEST_1693,0.3992607392607392
TEST_1694,0.13464627855804326
TEST_1695,0.31597404817404817
TEST_1696,0.4650516150516151
TEST_1697,0.2623481240981241
TEST_1698,0.16165223665223663
TEST_1699,0.3748387723387724
TEST_1700,0.12374969474969473
TEST_1701,0.5253862970362971
TEST_1702,0.22096867866433084
TEST_1703,0.19126984126984126
TEST_1704,0.31064847041847043
TEST_1705,0.17558158508158506
TEST_1706,0.2817410644910645
TEST_1707,0.2505006382506383
TEST_1708,0.17631920856920855
TEST_1709,0.1435865800865801
TEST_1710,0.3019016318930112
TEST_1711,0.08514790764790764
TEST_1712,0.2929116646695387
TEST_1713,0.3684204301704302
TEST_1714,0.30244830169830167
TEST_1715,0.3019217449217449
TEST_1716,0.16848623629674195
TEST_1717,0.6590836108336109
TEST_1718,0.31535284233310545
TEST_1719,0.24073938969527206
TEST_1720,0.41892444178628396
TEST_1721,0.1069891774891775
TEST_1722,0.20301670551670548
TEST_1723,0.18721428571428567
TEST_1724,0.3472738095238095
TEST_1725,0.19933016983016982
TEST_1726,0.16584920634920627
TEST_1727,0.1970592528386646
TEST_1728,0.2995553345122311
TEST_1729,0.38778230473230474
TEST_1730,0.37499675324675336
TEST_1731,0.13231646131646133
TEST_1732,0.3272110079463022
TEST_1733,0.32492425629925625
TEST_1734,0.13509685447972847
TEST_1735,0.28416845043845046
TEST_1736,0.2585026085026085
TEST_1737,0.5141722101427983
TEST_1738,0.19430116405903802
TEST_1739,0.2981132369052395
TEST_1740,0.5319374409374409
TEST_1741,0.19469356421356426
TEST_1742,0.1381273448773449
TEST_1743,0.32250091575091583
TEST_1744,0.29778607503607507
TEST_1745,0.09670876007461375
TEST_1746,0.38091568154068156
TEST_1747,0.764817507821745
TEST_1748,0.47992221626255654
TEST_1749,0.12685485056860696
TEST_1750,0.10507018759018759
TEST_1751,0.2998961107789848
TEST_1752,0.31252835492291653
TEST_1753,0.19536136898426812
TEST_1754,0.40961591186591184
TEST_1755,0.3857659285159285
TEST_1756,0.1316013986013986
TEST_1757,0.7609777722277723
TEST_1758,0.2438587131822426
TEST_1759,0.618745670995671
TEST_1760,0.33191884504384495
TEST_1761,0.4605325452325452
TEST_1762,0.16948525578364287
TEST_1763,0.17174386724386723
TEST_1764,0.47159324172559464
TEST_1765,0.12666119991119992
TEST_1766,0.2940291158458133
TEST_1767,0.31125191475191477
TEST_1768,0.4195693367771446
TEST_1769,0.22418498168498172
TEST_1770,0.6646121933621933
TEST_1771,0.1510187395937396
TEST_1772,0.37182219169719166
TEST_1773,0.3529344563664184
TEST_1774,0.6207784927888945
TEST_1775,0.14249326261729986
TEST_1776,0.7788870956413326
TEST_1777,0.20226069064356467
TEST_1778,0.09433694083694082
TEST_1779,0.5743503579753579
TEST_1780,0.336667832167832
TEST_1781,0.15793722943722946
TEST_1782,0.5607965367965368
TEST_1783,0.47595693195693195
TEST_1784,0.366121009709245
TEST_1785,0.1824966976743064
TEST_1786,0.3656243478743477
TEST_1787,0.38839574314574304
TEST_1788,0.3388231625676245
TEST_1789,0.23004700854700846
TEST_1790,0.0925987436476567
TEST_1791,0.34874934787434775
TEST_1792,0.36508999333999337
TEST_1793,0.2715999763578504
TEST_1794,0.31783792596292604
TEST_1795,0.35900169275169275
TEST_1796,0.102722693972694
TEST_1797,0.5321890975095309
TEST_1798,0.09761674436674438
TEST_1799,0.31617532467532466
TEST_1800,0.21905985814338216
TEST_1801,0.3413661199911198
TEST_1802,0.2926166333666334
TEST_1803,0.285784632034632
TEST_1804,0.1449076695526695
TEST_1805,0.44541108891108894
TEST_1806,0.20587071262071258
TEST_1807,0.15141971217758618
TEST_1808,0.2518471667221668
TEST_1809,0.34223177973965363
TEST_1810,0.21938902486402476
TEST_1811,0.3703115495615495
TEST_1812,0.06444155844155844
TEST_1813,0.3943960483960484
TEST_1814,0.33536544011544017
TEST_1815,0.14862781662781666
TEST_1816,0.20508632543926658
TEST_1817,0.5228766233766233
TEST_1818,0.22725318426105826
TEST_1819,0.1767904638857815
TEST_1820,0.26464935064935075
TEST_1821,0.468332611832612
TEST_1822,0.5736009546009546
TEST_1823,0.25033189052326993
TEST_1824,0.2548298298377038
TEST_1825,0.4043555278055278
TEST_1826,0.3306952861952862
TEST_1827,0.1750021645021645
TEST_1828,0.25903380116615404
TEST_1829,0.4595884670884671
TEST_1830,0.16550613275613268
TEST_1831,0.22732714361661727
TEST_1832,0.21504384504384505
TEST_1833,0.3137917915417916
TEST_1834,0.67686020139281
TEST_1835,0.20727774107612817
TEST_1836,0.1955093656343656
TEST_1837,0.18801464766170647
TEST_1838,0.3923720631220632
TEST_1839,0.165044622044622
TEST_1840,0.27021619347406745
TEST_1841,0.22670587745587742
TEST_1842,0.29023989898989894
TEST_1843,0.3171121933621932
TEST_1844,0.42380420606207997
TEST_1845,0.12048392762208553
TEST_1846,0.23607792207792216
TEST_1847,0.36782091519591525
TEST_1848,0.3425166176416176
TEST_1849,0.14036940836940834
TEST_1850,0.18970182244320177
TEST_1851,0.19338755199049318
TEST_1852,0.5097114552114552
TEST_1853,0.5291409146409147
TEST_1854,0.32973002599287027
TEST_1855,0.6870249472749473
TEST_1856,0.0849416282642089
TEST_1857,0.4124738039738039
TEST_1858,0.20674148074148072
TEST_1859,0.5865997788760948
TEST_1860,0.40506388056388054
TEST_1861,0.3212489454989455
TEST_1862,0.2544338542434517
TEST_1863,0.2854661033411034
TEST_1864,0.3579830447330446
TEST_1865,0.1954448606948606
TEST_1866,0.29327584915084914
TEST_1867,0.7345018592518591
TEST_1868,0.24293296055796051
TEST_1869,0.23271505850421864
TEST_1870,0.1521027640941434
TEST_1871,0.28813067488067495
TEST_1872,0.6758990809923375
TEST_1873,0.2915192307692308
TEST_1874,0.40484928260715664
TEST_1875,0.14088095238095238
TEST_1876,0.5088424353424353
TEST_1877,0.23909370721870718
TEST_1878,0.2120981479534111
TEST_1879,0.6827014374514377
TEST_1880,0.3440059385059385
TEST_1881,0.22916053391053384
TEST_1882,0.5422928182928183
TEST_1883,0.26683549783549787
TEST_1884,0.11853481240981235
TEST_1885,0.4852698412698413
TEST_1886,0.11379617604617603
TEST_1887,0.17593990731490727
TEST_1888,0.19439289958407602
TEST_1889,0.09681043956043955
TEST_1890,0.21538855588855588
TEST_1891,0.5060401542901544
TEST_1892,0.24959945609945605
TEST_1893,0.20115445665445666
TEST_1894,0.3025335775335775
TEST_1895,0.36839979464979455
TEST_1896,0.2266275946275946
TEST_1897,0.0863990186284304
TEST_1898,0.13727003552003553
TEST_1899,0.2323028638028638
TEST_1900,0.12583158730158728
TEST_1901,0.4069473059896789
TEST_1902,0.10684704184704184
TEST_1903,0.10690610871770465
TEST_1904,0.25025156340834315
TEST_1905,0.2423774836274836
TEST_1906,0.2014129990379991
TEST_1907,0.24878546453546455
TEST_1908,0.3103023365523365
TEST_1909,0.09404545454545454
TEST_1910,0.37887492507492515
TEST_1911,0.23121067821067817
TEST_1912,0.12855416805416808
TEST_1913,0.23092160617160615
TEST_1914,0.45722730047730054
TEST_1915,0.4335713420566362
TEST_1916,0.23949395049395047
TEST_1917,0.18262461149961148
TEST_1918,0.19305645787903852
TEST_1919,0.12290684315684315
TEST_1920,0.22316930329444026
TEST_1921,0.4016794316794317
TEST_1922,0.11793084693084689
TEST_1923,0.29434645909645907
TEST_1924,0.10476785714285715
TEST_1925,0.28656288156288157
TEST_1926,0.5576964979464979
TEST_1927,0.3007001887001887
TEST_1928,0.17711442723942722
TEST_1929,0.6353021978021977
TEST_1930,0.07103968253968254
TEST_1931,0.19628323473911707
TEST_1932,0.1650515873015873
TEST_1933,0.5996385003885006
TEST_1934,0.12180735930735931
TEST_1935,0.3413201659451659
TEST_1936,0.5158120490620489
TEST_1937,0.47374911199911196
TEST_1938,0.2583535076035076
TEST_1939,0.16978266178266183
TEST_1940,0.12382756132756134
TEST_1941,0.13174754804485897
TEST_1942,0.2881355311355312
TEST_1943,0.24589213564213563
TEST_1944,0.21666308651091262
TEST_1945,0.274898029611786
TEST_1946,0.25275708976846906
TEST_1947,0.19644933621933622
TEST_1948,0.5111634147506239
TEST_1949,0.3540256132756134
TEST_1950,0.311349567099567
TEST_1951,0.26390397370660523
TEST_1952,0.16473763781021844
TEST_1953,0.5087427849927851
TEST_1954,0.40767180205415504
TEST_1955,0.2929347041847041
TEST_1956,0.25977926433622633
TEST_1957,0.37613442113442125
TEST_1958,0.18265914640914638
TEST_1959,0.23958884171384162
TEST_1960,0.27495979605190135
TEST_1961,0.15863455988455985
TEST_1962,0.31007636807636807
TEST_1963,0.24688282212367574
TEST_1964,0.34924519924519926
TEST_1965,0.25030854684531156
TEST_1966,0.15727754722844453
TEST_1967,0.48237925962925976
TEST_1968,0.32858447451804446
TEST_1969,0.07114087301587302
TEST_1970,0.13911901986901987
TEST_1971,0.24935866910866905
TEST_1972,0.36798167798955206
TEST_1973,0.5944325396825395
TEST_1974,0.22149531024531022
TEST_1975,0.25995870795870796
TEST_1976,0.5059324858148387
TEST_1977,0.13553333688169755
TEST_1978,0.2200866910866911
TEST_1979,0.12229942279942278
TEST_1980,0.09918850593850592
TEST_1981,0.12323051948051945
TEST_1982,0.05938095238095238
TEST_1983,0.26683882783882784
TEST_1984,0.23283744033744028
TEST_1985,0.09115182817182817
TEST_1986,0.16003954378954377
TEST_1987,0.5724462095331293
TEST_1988,0.4348700188700188
TEST_1989,0.11501911976911977
TEST_1990,0.25803896103896096
TEST_1991,0.388097902097902
TEST_1992,0.4603419097242625
TEST_1993,0.10520619047619047
TEST_1994,0.1074161018719842
TEST_1995,0.2744675324675324
TEST_1996,0.4249916647679805
TEST_1997,0.22153543678543688
TEST_1998,0.4012041847041846
TEST_1999,0.2946146908646909
TEST_2000,0.2568194028194028
TEST_2001,0.3498919691419692
TEST_2002,0.3946682622932623
TEST_2003,0.6274797332297333
TEST_2004,0.1002936507936508
TEST_2005,0.33806593406593416
TEST_2006,0.24969155844155846
TEST_2007,0.18667353479853482
TEST_2008,0.16355101395779362
TEST_2009,0.430785742035742
TEST_2010,0.2491735786435786
TEST_2011,0.19687767787767785
TEST_2012,0.20808062770562766
TEST_2013,0.31008593204181445
TEST_2014,0.08387148962148963
TEST_2015,0.25870485070485066
TEST_2016,0.4960092779848877
TEST_2017,0.2905770548349288
TEST_2018,0.15405168694618823
TEST_2019,0.3880846098346099
TEST_2020,0.2881741853628043
TEST_2021,0.19934457783595716
TEST_2022,0.17920514997454656
TEST_2023,0.27918679359855825
TEST_2024,0.15760461760461764
TEST_2025,0.17597998542851484
TEST_2026,0.21494040681540683
TEST_2027,0.15960563736351135
TEST_2028,0.2004665704665705
TEST_2029,0.37729365079365074
TEST_2030,0.29899926015161304
TEST_2031,0.17872061272061276
TEST_2032,0.1631276515151515
TEST_2033,0.24448376623376622
TEST_2034,0.13349370074370076
TEST_2035,0.1656885757611564
TEST_2036,0.21915030525030524
TEST_2037,0.6824319674362046
TEST_2038,0.24354125874125868
TEST_2039,0.3914865828615829
TEST_2040,0.39124528249528245
TEST_2041,0.31309798534798533
TEST_2042,0.32579904817404826
TEST_2043,0.46701783276783254
TEST_2044,0.429748112998113
TEST_2045,0.28928117253117247
TEST_2046,0.5306811325928974
TEST_2047,0.39347554112554123
TEST_2048,0.34965566378066376
TEST_2049,0.5595476190476192
TEST_2050,0.2239531024531025
TEST_2051,0.3535231157731157
TEST_2052,0.12486957650192945
TEST_2053,0.18344728068865998
TEST_2054,0.6666064768564766
TEST_2055,0.197893408878703
TEST_2056,0.34116988566988565
TEST_2057,0.1345961304777094
TEST_2058,0.23181022268513854
TEST_2059,0.3222168109668109
TEST_2060,0.3724865551115551
TEST_2061,0.5680643800643802
